claimNumber,policyNumber,expectedMigrationStatus,claimType,priority,testGroup,migrationBatch
BSD-DE-01-16-0593295,,,,,,
PAF-DE-01-16-0566974,,,,,,
PAM-MD-85-16-0546410,,,,,,
WC-MD-01-16-0619864,,,,,,
BOP-DE-01-17-0688739,,,,,,
BOP-DE-01-23-0742365,,,,,,
BOP-DE-01-24-0743025,,,,,,
CA-DE-01-22-0739820,,,,,,
CA-DE-01-22-0739829,,,,,,
CA-DE-01-22-0739906,,,,,,
CA-DE-01-22-0739909,,,,,,
CA-DE-01-22-0739911,,,,,,
CA-DE-01-22-0739912,,,,,,
CA-DE-01-22-0740269,,,,,,
CA-DE-01-22-0740443,,,,,,
CA-DE-01-22-0740973,,,,,,
CA-DE-01-23-0741626,,,,,,
CA-DE-01-24-0743071,,,,,,
CA-DE-01-24-0743193,,,,,,
CA-DE-85-24-0745021,,,,,,
CA-VA-02-22-0739981,,,,,,
CAA-DE-01-13-0372459,,,,,,
CAA-DE-01-18-0727184,,,,,,
CAA-MD-01-18-0725542,,,,,,
CPP-DE-01-25-0745872,,,,,,
PA-DE-01-23-0741471,,,,,,
PA-DE-01-24-0744818,,,,,,
PA-DE-01-25-0745305,,,,,,
PA-DE-01-25-0745733,,,,,,
PA-DE-01-25-0746032,,,,,,
PA-DE-01-25-0746617,,,,,,
PA-DE-01-26-0747130,,,,,,
PA-DE-01-26-0747164,,,,,,
WC-DE-01-23-0741034,,,,,,
WC-DE-01-25-0745657,,,,,,
